img_name,label
C (279).jpeg,2
F (520).jpeg,5
C (291).jpeg,2
E (436).jpeg,4
B (96).jpeg,1
G (620).jpeg,6
F (537).jpeg,5
G (571).jpeg,6
A (60).jpeg,0
E (478).jpeg,4
C (294).jpeg,2
G (598).jpeg,6
A (34).jpeg,0
C (219).jpeg,2
A (64).jpeg,0
E (412).jpeg,4
F (524).jpeg,5
F (498).jpeg,5
E (413).jpeg,4
G (645).jpeg,6
E (415).jpeg,4
F (531).jpeg,5
D (334).jpeg,3
G (623).jpeg,6
B (149).jpeg,1
B (99).jpeg,1
C (254).jpeg,2
C (211).jpeg,2
F (500).jpeg,5
C (250).jpeg,2
E (454).jpeg,4
A (10).jpeg,0
A (75).jpeg,0
C (170).jpeg,2
D (338).jpeg,3
F (526).jpeg,5
B (121).jpeg,1
G (626).jpeg,6
B (134).jpeg,1
F (521).jpeg,5
A (31).jpeg,0
B (88).jpeg,1
C (295).jpeg,2
D (305).jpeg,3
E (425).jpeg,4
C (232).jpeg,2
F (535).jpeg,5
C (171).jpeg,2
D (376).jpeg,3
C (185).jpeg,2
G (622).jpeg,6
D (345).jpeg,3
B (115).jpeg,1
A (85).jpeg,0
E (434).jpeg,4
F (539).jpeg,5
E (464).jpeg,4
B (131).jpeg,1
F (551).jpeg,5
A (79).jpeg,0
A (28).jpeg,0
E (452).jpeg,4
C (269).jpeg,2
E (438).jpeg,4
G (648).jpeg,6
G (572).jpeg,6
D (362).jpeg,3
C (270).jpeg,2
A (44).jpeg,0
E (419).jpeg,4
E (417).jpeg,4
F (501).jpeg,5
G (606).jpeg,6
F (519).jpeg,5
G (616).jpeg,6
C (215).jpeg,2
B (151).jpeg,1
G (642).jpeg,6
A (32).jpeg,0
G (619).jpeg,6
B (128).jpeg,1
D (380).jpeg,3
C (264).jpeg,2
A (54).jpeg,0
C (192).jpeg,2
A (1).jpeg,0
F (502).jpeg,5
B (139).jpeg,1
C (246).jpeg,2
A (33).jpeg,0
C (258).jpeg,2
A (50).jpeg,0
F (505).jpeg,5
C (288).jpeg,2
B (129).jpeg,1
B (154).jpeg,1
E (394).jpeg,4
G (624).jpeg,6
B (119).jpeg,1
A (82).jpeg,0
F (547).jpeg,5
B (160).jpeg,1
B (105).jpeg,1
A (80).jpeg,0
D (344).jpeg,3
E (457).jpeg,4
E (459).jpeg,4
E (392).jpeg,4
E (456).jpeg,4
C (173).jpeg,2
G (630).jpeg,6
D (365).jpeg,3
F (545).jpeg,5
B (87).jpeg,1
F (490).jpeg,5
D (302).jpeg,3
D (342).jpeg,3
C (179).jpeg,2
G (613).jpeg,6
E (447).jpeg,4
B (103).jpeg,1
C (220).jpeg,2
C (267).jpeg,2
A (8).jpeg,0
G (647).jpeg,6
D (320).jpeg,3
C (206).jpeg,2
A (76).jpeg,0
B (142).jpeg,1
E (433).jpeg,4
C (293).jpeg,2
G (609).jpeg,6
B (122).jpeg,1
G (595).jpeg,6
C (245).jpeg,2
C (259).jpeg,2
F (540).jpeg,5
B (135).jpeg,1
F (558).jpeg,5
C (209).jpeg,2
B (153).jpeg,1
F (560).jpeg,5
D (312).jpeg,3
D (375).jpeg,3
F (525).jpeg,5
C (234).jpeg,2
E (432).jpeg,4
C (166).jpeg,2
D (307).jpeg,3
F (493).jpeg,5
G (628).jpeg,6
A (74).jpeg,0
E (437).jpeg,4
F (543).jpeg,5
E (428).jpeg,4
A (7).jpeg,0
G (590).jpeg,6
G (585).jpeg,6
E (429).jpeg,4
F (536).jpeg,5
F (546).jpeg,5
F (553).jpeg,5
A (14).jpeg,0
C (237).jpeg,2
F (555).jpeg,5
E (408).jpeg,4
C (207).jpeg,2
C (255).jpeg,2
G (584).jpeg,6
G (607).jpeg,6
A (37).jpeg,0
E (409).jpeg,4
A (5).jpeg,0
E (420).jpeg,4
B (130).jpeg,1
A (51).jpeg,0
F (542).jpeg,5
B (133).jpeg,1
D (332).jpeg,3
A (69).jpeg,0
F (483).jpeg,5
F (486).jpeg,5
C (196).jpeg,2
B (127).jpeg,1
D (329).jpeg,3
D (364).jpeg,3
A (58).jpeg,0
A (65).jpeg,0
D (326).jpeg,3
A (52).jpeg,0
E (395).jpeg,4
D (331).jpeg,3
G (592).jpeg,6
A (43).jpeg,0
E (463).jpeg,4
E (401).jpeg,4
A (40).jpeg,0
C (241).jpeg,2
A (49).jpeg,0
F (518).jpeg,5
C (239).jpeg,2
B (145).jpeg,1
C (292).jpeg,2
B (150).jpeg,1
D (387).jpeg,3
C (167).jpeg,2
A (16).jpeg,0
B (165).jpeg,1
C (193).jpeg,2
B (164).jpeg,1
F (496).jpeg,5
D (366).jpeg,3
D (352).jpeg,3
C (286).jpeg,2
G (581).jpeg,6
C (251).jpeg,2
A (12).jpeg,0
D (306).jpeg,3
A (18).jpeg,0
C (233).jpeg,2
E (427).jpeg,4
E (397).jpeg,4
B (104).jpeg,1
C (213).jpeg,2
D (315).jpeg,3
C (205).jpeg,2
A (73).jpeg,0
G (634).jpeg,6
A (0).jpeg,0
G (629).jpeg,6
A (22).jpeg,0
A (66).jpeg,0
F (488).jpeg,5
D (369).jpeg,3
E (453).jpeg,4
B (141).jpeg,1
C (202).jpeg,2
G (596).jpeg,6
E (406).jpeg,4
B (136).jpeg,1
G (570).jpeg,6
F (481).jpeg,5
E (449).jpeg,4
C (257).jpeg,2
D (386).jpeg,3
E (474).jpeg,4
G (565).jpeg,6
F (484).jpeg,5
C (229).jpeg,2
F (511).jpeg,5
E (462).jpeg,4
G (588).jpeg,6
G (640).jpeg,6
D (356).jpeg,3
B (126).jpeg,1
F (482).jpeg,5
B (97).jpeg,1
B (91).jpeg,1
G (625).jpeg,6
F (561).jpeg,5
C (221).jpeg,2
C (176).jpeg,2
F (504).jpeg,5
A (71).jpeg,0
B (124).jpeg,1
B (156).jpeg,1
G (614).jpeg,6
A (70).jpeg,0
B (101).jpeg,1
E (466).jpeg,4
G (582).jpeg,6
B (147).jpeg,1
D (350).jpeg,3
E (448).jpeg,4
D (330).jpeg,3
G (579).jpeg,6
B (125).jpeg,1
C (249).jpeg,2
D (337).jpeg,3
D (304).jpeg,3
B (144).jpeg,1
C (204).jpeg,2
D (323).jpeg,3
C (174).jpeg,2
E (418).jpeg,4
F (491).jpeg,5
A (29).jpeg,0
C (244).jpeg,2
G (600).jpeg,6
B (120).jpeg,1
E (424).jpeg,4
C (230).jpeg,2
C (203).jpeg,2
A (27).jpeg,0
D (341).jpeg,3
E (450).jpeg,4
D (309).jpeg,3
G (637).jpeg,6
E (414).jpeg,4
D (349).jpeg,3
E (402).jpeg,4
A (83).jpeg,0
A (26).jpeg,0
A (56).jpeg,0
B (93).jpeg,1
C (195).jpeg,2
A (84).jpeg,0
E (426).jpeg,4
F (528).jpeg,5
A (17).jpeg,0
A (21).jpeg,0
D (381).jpeg,3
E (460).jpeg,4
C (200).jpeg,2
G (617).jpeg,6
D (343).jpeg,3
D (301).jpeg,3
C (208).jpeg,2
B (100).jpeg,1
G (602).jpeg,6
D (363).jpeg,3
B (123).jpeg,1
D (319).jpeg,3
D (310).jpeg,3
F (562).jpeg,5
E (455).jpeg,4
F (499).jpeg,5
E (423).jpeg,4
G (566).jpeg,6
G (643).jpeg,6
C (235).jpeg,2
C (191).jpeg,2
E (411).jpeg,4
F (523).jpeg,5
D (390).jpeg,3
C (289).jpeg,2
E (422).jpeg,4
C (180).jpeg,2
C (238).jpeg,2
D (359).jpeg,3
A (24).jpeg,0
F (480).jpeg,5
G (618).jpeg,6
C (278).jpeg,2
A (11).jpeg,0
B (155).jpeg,1
F (533).jpeg,5
E (407).jpeg,4
C (285).jpeg,2
A (41).jpeg,0
G (605).jpeg,6
D (339).jpeg,3
C (225).jpeg,2
C (248).jpeg,2
C (256).jpeg,2
G (604).jpeg,6
E (469).jpeg,4
G (574).jpeg,6
A (23).jpeg,0
D (308).jpeg,3
F (516).jpeg,5
E (435).jpeg,4
A (4).jpeg,0
A (35).jpeg,0
A (63).jpeg,0
A (72).jpeg,0
B (163).jpeg,1
A (53).jpeg,0
C (287).jpeg,2
C (271).jpeg,2
C (268).jpeg,2
C (177).jpeg,2
C (260).jpeg,2
C (280).jpeg,2
F (563).jpeg,5
G (586).jpeg,6
E (476).jpeg,4
G (599).jpeg,6
A (59).jpeg,0
D (389).jpeg,3
F (487).jpeg,5
D (347).jpeg,3
F (559).jpeg,5
B (89).jpeg,1
G (567).jpeg,6
C (184).jpeg,2
C (240).jpeg,2
C (197).jpeg,2
C (253).jpeg,2
F (544).jpeg,5
B (111).jpeg,1
C (299).jpeg,2
G (638).jpeg,6
E (430).jpeg,4
D (357).jpeg,3
C (199).jpeg,2
E (470).jpeg,4
E (391).jpeg,4
C (261).jpeg,2
E (431).jpeg,4
B (140).jpeg,1
G (641).jpeg,6
E (471).jpeg,4
E (479).jpeg,4
F (530).jpeg,5
A (36).jpeg,0
D (335).jpeg,3
F (550).jpeg,5
C (282).jpeg,2
D (353).jpeg,3
B (114).jpeg,1
E (410).jpeg,4
D (317).jpeg,3
C (198).jpeg,2
C (186).jpeg,2
B (118).jpeg,1
B (106).jpeg,1
A (9).jpeg,0
E (443).jpeg,4
G (568).jpeg,6
C (194).jpeg,2
B (95).jpeg,1
C (222).jpeg,2
C (188).jpeg,2
A (77).jpeg,0
E (405).jpeg,4
C (242).jpeg,2
A (67).jpeg,0
C (216).jpeg,2
B (94).jpeg,1
F (509).jpeg,5
C (276).jpeg,2
A (86).jpeg,0
C (218).jpeg,2
D (354).jpeg,3
A (19).jpeg,0
F (557).jpeg,5
B (112).jpeg,1
F (497).jpeg,5
D (360).jpeg,3
D (348).jpeg,3
F (538).jpeg,5
G (621).jpeg,6
F (492).jpeg,5
F (534).jpeg,5
D (371).jpeg,3
A (6).jpeg,0
D (318).jpeg,3
E (446).jpeg,4
C (263).jpeg,2
C (210).jpeg,2
E (393).jpeg,4
G (627).jpeg,6
C (224).jpeg,2
B (92).jpeg,1
E (399).jpeg,4
C (247).jpeg,2
D (372).jpeg,3
C (212).jpeg,2
D (370).jpeg,3
E (441).jpeg,4
D (355).jpeg,3
E (403).jpeg,4
C (252).jpeg,2
F (541).jpeg,5
A (3).jpeg,0
F (513).jpeg,5
B (152).jpeg,1
C (236).jpeg,2
C (281).jpeg,2
G (597).jpeg,6
E (475).jpeg,4
G (575).jpeg,6
C (217).jpeg,2
G (610).jpeg,6
G (591).jpeg,6
G (644).jpeg,6
E (451).jpeg,4
F (532).jpeg,5
G (632).jpeg,6
D (382).jpeg,3
G (578).jpeg,6
G (569).jpeg,6
G (603).jpeg,6
G (608).jpeg,6
G (589).jpeg,6
D (378).jpeg,3
G (635).jpeg,6
A (2).jpeg,0
D (313).jpeg,3
E (416).jpeg,4
C (290).jpeg,2
A (68).jpeg,0
G (612).jpeg,6
C (187).jpeg,2
D (383).jpeg,3
B (98).jpeg,1
G (587).jpeg,6
A (25).jpeg,0
D (374).jpeg,3
F (564).jpeg,5
E (442).jpeg,4
C (190).jpeg,2
D (373).jpeg,3
D (340).jpeg,3
G (649).jpeg,6
D (368).jpeg,3
A (45).jpeg,0
A (57).jpeg,0
C (297).jpeg,2
B (137).jpeg,1
A (61).jpeg,0
G (601).jpeg,6
E (472).jpeg,4
A (48).jpeg,0
B (157).jpeg,1
C (227).jpeg,2
C (272).jpeg,2
D (325).jpeg,3
G (633).jpeg,6
